URL,Last crawled
https://deckmastersak.com/best-decking-materials/,2026-03-22
https://deckmastersak.com/tag/best-decking-materials/,2026-03-22
https://deckmastersak.com/,2026-03-22
https://deckmastersak.com/tag/deck-patio-combo/,2026-03-21
https://deckmastersak.com/gallery/,2026-03-20
https://deckmastersak.com/tag/small-simple/,2026-03-20
https://deckmastersak.com/10-cool-backyard-deck-design-ideas/,2026-03-19
https://deckmastersak.com/contact/,2026-03-19
https://deckmastersak.com/tag/deck-ideas/,2026-03-18
https://deckmastersak.com/alaska/,2026-03-15
https://deckmastersak.com/tag/benches/,2026-03-13
https://deckmastersak.com/wall-of-love/,2026-03-13
https://deckmastersak.com/about/,2026-03-13
https://deckmastersak.com/tag/deck/,2026-03-13
https://deckmastersak.com/dock-building/,2026-03-09
https://deckmastersak.com/deck-benefits/,2026-03-04
https://deckmastersak.com/tag/birdhouses/,2026-03-04
https://deckmastersak.com/privacy-policy/,2026-02-25
https://deckmastersak.com/hiring/,2026-02-21
https://deckmastersak.com/tag/affordable-home-addition/,2026-02-21
https://deckmastersak.com/is-trex-decking-right-for-you/,2026-02-19
https://deckmastersak.com/category/deck/,2026-02-19
https://deckmastersak.com/tag/exotic-woods/,2026-02-17
https://deckmastersak.com/tag/trex-decking-vs-other-decking/,2026-02-17
https://deckmastersak.com/tag/two-story-deck/,2026-02-16
https://deckmastersak.com/gallery/homepage/,2026-02-15
https://deckmastersak.com/schedule/,2026-02-14
https://deckmastersak.com/author/jordan_webb/,2026-02-13
https://deckmastersak.com/tag/pergolas-gazebos/,2026-02-06
https://deckmastersak.com/tag/no-railings/,2026-01-30
https://deckmastersak.com/tag/trex-decking-composite-wood/,2026-01-20
https://deckmastersak.com/tag/kempas/,2026-01-04
https://deckmastersak.com/tag/10-cool-backyard-deck-design-ideas/,2026-01-02
https://deckmastersak.com/tag/australian-cypress/,2026-01-02
https://deckmastersak.com/tag/what-is-trex-decking/,2026-01-01
https://deckmastersak.com/tag/built-in-seating/,2025-12-29
https://deckmastersak.com/tag/tigerwood/,2025-12-29
https://deckmastersak.com/author/alpha/,2025-12-27
https://deckmastersak.com/tag/types-of-decking-materials/,2025-12-27
https://deckmastersak.com/tag/unique-railings/,2025-12-27
https://deckmastersak.com/author/mauricio/,2025-12-27
https://deckmastersak.com/blog/,2025-12-26
https://deckmastersak.com/tag/fits-all-terrain/,2025-12-26
https://deckmastersak.com/tag/is-trex-decking-affordable/,2025-12-26
https://deckmastersak.com/tag/trex/,2025-12-26
https://deckmastersak.com/tag/best-uses-for-composite-boards/,2025-12-26
https://deckmastersak.com/tag/pressure-treated-wood/,2025-12-25
https://deckmastersak.com/tag/outdoor-entertainment-space/,2025-12-25
https://deckmastersak.com/tag/composite-decking-material/,2025-12-25
https://deckmastersak.com/tag/is-trex-environmentally-friendly/,2025-12-25
https://deckmastersak.com/tag/sapele-mahogany/,2025-12-21
https://deckmastersak.com/tag/wood-decking-material/,2025-12-05
https://deckmastersak.com/tag/composite-materials/,2025-12-03
https://deckmastersak.com/tag/increased-home-value/,2025-12-03
https://deckmastersak.com/tag/docks/,2025-12-03
https://deckmastersak.com/tag/10-benefits-of-adding-a-deck-to-your-home/,2025-12-03